{"cameraMode":{"drawMode":0,"name":"Shaded","section":"Shading Mode"},"sceneLighting":false,"audioPlay":false,"sceneViewState":{"showFog":true,"showMaterialUpdate":false,"showSkybox":false,"showFlares":true,"showImageEffects":true,"showParticleSystems":true},"in2DMode":false,"pivot":{"x":153.6649932861328,"y":1.3860000371932984,"z":15.0},"rotation":{"x":0.13589033484458924,"y":0.8421393036842346,"z":-0.4582160711288452,"w":0.24974778294563294},"size":2.8578836917877199,"orthographic":false}